{
  "project_info": {
    "project_number": "103635304344",
    "firebase_url": "https://mediquick-328412-default-rtdb.asia-southeast1.firebasedatabase.app",
    "project_id": "mediquick-328412",
    "storage_bucket": "mediquick-328412.appspot.com"
  },
  "client": [
    {
      "client_info": {
        "mobilesdk_app_id": "1:103635304344:android:d45f35225ae8eabdad35ed",
        "android_client_info": {
          "package_name": "com.example.mediquick"
        }
      },
      "oauth_client": [
        {
          "client_id": "103635304344-2acj5k4aj6sr1ub67ougkg0oj0gd2r9a.apps.googleusercontent.com",
          "client_type": 3
        }
      ],
      "api_key": [
        {
          "current_key": "AIzaSyDXhzvzI3jGxqhZKa_HPAh1hzGRr9HmXcQ"
        }
      ],
      "services": {
        "appinvite_service": {
          "other_platform_oauth_client": [
            {
              "client_id": "103635304344-2acj5k4aj6sr1ub67ougkg0oj0gd2r9a.apps.googleusercontent.com",
              "client_type": 3
            }
          ]
        }
      }
    }
  ],
  "configuration_version": "1"
}